SourceFile,LineNumber,ExtractedLine,OfferName,PriceIfPresent,OfferLane,Notes
public/analysis/china-financing-africa-deal-terms.html,21,The paid path is interpretation,General offer / revenue reference,NOT FOUND IN LOCAL FILES,Offer ladder,Offer or revenue reference found in public page copy.
public/analysis/china-financing-africa-deal-terms.html,21,"This topic is ideal for a custom memo or briefing because the user usually has a specific angle: a country, sector, investor audience, media project, or institution that needs the issue translated into action.",Custom intelligence memo,NOT FOUND IN LOCAL FILES,Custom intelligence memo,Offer or revenue reference found in public page copy.
public/analysis/china-financing-africa-deal-terms.html,23,"If the reader needs a country, sector, or deal-specific interpretation, the issue has moved from public analysis into paid intelligence.",General offer / revenue reference,NOT FOUND IN LOCAL FILES,Public analysis,Offer or revenue reference found in public page copy.
public/analysis/china-financing-africa-deal-terms.html,23,"Memo angle: compare terms, risks, stakeholders, and leverage.",Custom intelligence memo,NOT FOUND IN LOCAL FILES,Custom intelligence memo,Offer or revenue reference found in public page copy.
public/analysis/china-financing-africa-deal-terms.html,23,"Briefing angle: prepare a media segment, investor conversation, or internal decision.",General offer / revenue reference,NOT FOUND IN LOCAL FILES,Rapid advisory briefing,Offer or revenue reference found in public page copy.
public/analysis/china-financing-africa-deal-terms.html,24,"Commission a custom memo when a project, sector, or country needs sharper strategic reading.",Custom intelligence memo,NOT FOUND IN LOCAL FILES,Custom intelligence memo,Offer or revenue reference found in public page copy.
public/analysis/china-financing-africa-deal-terms.html,24,View memo path,Custom intelligence memo,NOT FOUND IN LOCAL FILES,Custom intelligence memo,Offer or revenue reference found in public page copy.
public/analysis/china-financing-africa-deal-terms.html,25,Public to paid intelligence,General offer / revenue reference,NOT FOUND IN LOCAL FILES,Public analysis,Offer or revenue reference found in public page copy.
public/analysis/critical-minerals-data-access.html,21,"This topic proves the website's business thesis: public analysis can identify the issue, then paid work can convert it into a brief, memo, or audit for the specific audience that needs to act.",Custom intelligence memo,NOT FOUND IN LOCAL FILES,Media / intelligence system audit,Offer or revenue reference found in public page copy.
public/analysis/critical-minerals-data-access.html,23,"This becomes a paid audit or memo when the reader needs to understand a value chain, content strategy, institutional opportunity, or risk map.",Custom intelligence memo,NOT FOUND IN LOCAL FILES,Media / intelligence system audit,Offer or revenue reference found in public page copy.
public/analysis/critical-minerals-data-access.html,23,"Memo: minerals data, local actors, and deal implications.",Custom intelligence memo,NOT FOUND IN LOCAL FILES,Custom intelligence memo,Offer or revenue reference found in public page copy.
public/analysis/critical-minerals-data-access.html,23,Audit: turn a minerals issue into a media and research product lane.,General offer / revenue reference,NOT FOUND IN LOCAL FILES,Media / intelligence system audit,Offer or revenue reference found in public page copy.
public/analysis/critical-minerals-data-access.html,24,Request a custom memo or media intelligence audit when the public issue needs a practical action map.,Custom intelligence memo,NOT FOUND IN LOCAL FILES,Media / intelligence system audit,Offer or revenue reference found in public page copy.
public/analysis/critical-minerals-data-access.html,24,View audit path,General offer / revenue reference,NOT FOUND IN LOCAL FILES,Media / intelligence system audit,Offer or revenue reference found in public page copy.
public/analysis/critical-minerals-data-access.html,25,Custom memo path,Custom intelligence memo,NOT FOUND IN LOCAL FILES,Custom intelligence memo,Offer or revenue reference found in public page copy.
public/analysis/diaspora-capital-remittances-strategic-power.html,21,From topic to paid intelligence,General offer / revenue reference,NOT FOUND IN LOCAL FILES,Offer ladder,Offer or revenue reference found in public page copy.
public/analysis/diaspora-capital-remittances-strategic-power.html,21,"This is the kind of issue that may begin as public analysis and become a paid memo. A reader may need a specific country lens, organizational interpretation, risk scan, or media-ready briefing.",General offer / revenue reference,NOT FOUND IN LOCAL FILES,Custom intelligence memo,Offer or revenue reference found in public page copy.
public/analysis/diaspora-capital-remittances-strategic-power.html,22,"Commission a custom intelligence memo when a capital, remittance, or diaspora strategy question needs structured interpretation.",Custom intelligence memo,NOT FOUND IN LOCAL FILES,Custom intelligence memo,Offer or revenue reference found in public page copy.
public/analysis/diaspora-capital-remittances-strategic-power.html,22,Request a custom memo,Custom intelligence memo,NOT FOUND IN LOCAL FILES,Custom intelligence memo,Offer or revenue reference found in public page copy.
public/analysis/diaspora-capital-remittances-strategic-power.html,23,Custom intelligence memo,Custom intelligence memo,NOT FOUND IN LOCAL FILES,Custom intelligence memo,Offer or revenue reference found in public page copy.
public/analysis/from-public-analysis-to-paid-intelligence.html,16,From Public Analysis to Paid Intelligence,General offer / revenue reference,NOT FOUND IN LOCAL FILES,Public analysis,Offer or revenue reference found in public page copy.
public/analysis/from-public-analysis-to-paid-intelligence.html,16,"The business model is a trust ladder: public insight builds confidence, then qualified readers move into deeper paid products and advisory work.",General offer / revenue reference,NOT FOUND IN LOCAL FILES,Public analysis,Offer or revenue reference found in public page copy.
public/analysis/from-public-analysis-to-paid-intelligence.html,18,"Public analysis creates attention. Paid intelligence converts the right attention into useful action. Afrodescendant Ali's website is designed around that movement: visitor, trust, offer comprehension, CTA, inquiry or purchase, then logged outcome.",General offer / revenue reference,NOT FOUND IN LOCAL FILES,Qualified inquiry,Offer or revenue reference found in public page copy.
public/analysis/from-public-analysis-to-paid-intelligence.html,19,Gumroad dossiers and bundles create a low-friction paid step.,Intelligence bundle,NOT FOUND IN LOCAL FILES,Dossier / Bundle / Gumroad catalog,Offer or revenue reference found in public page copy.
public/analysis/from-public-analysis-to-paid-intelligence.html,19,Paid advisory briefings apply the analysis to an urgent question.,Rapid advisory briefing,NOT FOUND IN LOCAL FILES,Rapid advisory briefing,Offer or revenue reference found in public page copy.
public/analysis/from-public-analysis-to-paid-intelligence.html,19,Media intelligence audits review the whole audience-to-revenue system.,General offer / revenue reference,NOT FOUND IN LOCAL FILES,Media / intelligence system audit,Offer or revenue reference found in public page copy.
public/analysis/from-public-analysis-to-paid-intelligence.html,20,"A serious inquiry should include the decision, deadline, context, and desired use of the analysis. That protects both sides. It prevents vague conversations and helps route the person toward the right lane.",General offer / revenue reference,NOT FOUND IN LOCAL FILES,Qualified inquiry,Offer or revenue reference found in public page copy.
public/analysis/from-public-analysis-to-paid-intelligence.html,21,"The website should not merely display the brand. It should quietly sort visitor intent. Some visitors need media channels. Some need a dossier. Some need a briefing, memo, or audit. The design should make those next steps obvious.",Geopolitical dossier / Gumroad catalog,NOT FOUND IN LOCAL FILES,Dossier / Bundle / Gumroad catalog,Offer or revenue reference found in public page copy.
public/analysis/from-public-analysis-to-paid-intelligence.html,22,Choose the right paid path.,General offer / revenue reference,NOT FOUND IN LOCAL FILES,Offer ladder,Offer or revenue reference found in public page copy.
public/analysis/from-public-analysis-to-paid-intelligence.html,22,"Review the offer ladder and decide whether your question needs a dossier, briefing, memo, or audit.",Geopolitical dossier / Gumroad catalog,NOT FOUND IN LOCAL FILES,Dossier / Bundle / Gumroad catalog,Offer or revenue reference found in public page copy.
public/analysis/from-public-analysis-to-paid-intelligence.html,22,View paid work,General offer / revenue reference,NOT FOUND IN LOCAL FILES,Offer ladder,Offer or revenue reference found in public page copy.
public/analysis/from-public-analysis-to-paid-intelligence.html,23,Qualified inquiry,General offer / revenue reference,NOT FOUND IN LOCAL FILES,Qualified inquiry,Offer or revenue reference found in public page copy.
public/analysis/from-public-analysis-to-paid-intelligence.html,23,Media system audit logic,Media / intelligence system audit,NOT FOUND IN LOCAL FILES,Media / intelligence system audit,Offer or revenue reference found in public page copy.
public/analysis/index.html,39,"Essays on Pan-African geopolitics, diaspora power, East Africa, media systems, and the path from public analysis to paid briefings, memos, and audits.",General offer / revenue reference,NOT FOUND IN LOCAL FILES,Media / intelligence system audit,Offer or revenue reference found in public page copy.
public/analysis/index.html,42,Primary buyer job,General offer / revenue reference,NOT FOUND IN LOCAL FILES,General site action,Offer or revenue reference found in public page copy.
public/analysis/index.html,43,Briefing / memo / audit,General offer / revenue reference,NOT FOUND IN LOCAL FILES,Media / intelligence system audit,Offer or revenue reference found in public page copy.
public/analysis/index.html,82,"Current events become proof, specificity, and paid paths.",General offer / revenue reference,NOT FOUND IN LOCAL FILES,Proof / trust,Offer or revenue reference found in public page copy.
public/analysis/index.html,85,"The Analysis section now accepts source intake from public reporting such as AllAfrica Business, CFR-style foreign-affairs analysis, official institutions, and trusted local publishers. Each article is original interpretation with a visible source trail, a diaspora lever, and a recommended paid route.",General offer / revenue reference,NOT FOUND IN LOCAL FILES,Public analysis,Offer or revenue reference found in public page copy.
public/analysis/index.html,88,Request starter brief,Black World Intelligence Starter Brief,NOT FOUND IN LOCAL FILES,Lead capture / Starter brief,Offer or revenue reference found in public page copy.
public/analysis/index.html,123,"Offers From Public Analysis to Paid Intelligence The ladder from public insight to dossiers, briefings, memos, and media intelligence audits.",Geopolitical dossier / Gumroad catalog,NOT FOUND IN LOCAL FILES,Dossier / Bundle / Gumroad catalog,Offer or revenue reference found in public page copy.
public/analysis/index.html,125,From Public Analysis to Paid Intelligence,General offer / revenue reference,NOT FOUND IN LOCAL FILES,Public analysis,Offer or revenue reference found in public page copy.
public/analysis/index.html,133,"Media Systems How Media Analysis Becomes a Content-to-Revenue System How serious analysis can become a clearer publishing, offer, CTA, and follow-up system.",General offer / revenue reference,NOT FOUND IN LOCAL FILES,Public analysis,Offer or revenue reference found in public page copy.
public/analysis/index.html,135,How Media Analysis Becomes a Content-to-Revenue System,General offer / revenue reference,NOT FOUND IN LOCAL FILES,Public analysis,Offer or revenue reference found in public page copy.
public/analysis/index.html,136,"How serious analysis can become a clearer publishing, offer, CTA, and follow-up system.",General offer / revenue reference,NOT FOUND IN LOCAL FILES,Public analysis,Offer or revenue reference found in public page copy.
public/analysis/index.html,140,Free weekly briefing,Free weekly Afrodescendant Ali Briefings,NOT FOUND IN LOCAL FILES,Owned audience / Free briefing,Offer or revenue reference found in public page copy.
public/analysis/index.html,141,Track the signal before the paid path.,General offer / revenue reference,NOT FOUND IN LOCAL FILES,Offer ladder,Offer or revenue reference found in public page copy.
public/analysis/index.html,146,Subscribe free to Afrodescendant Ali Briefings,Free weekly Afrodescendant Ali Briefings,NOT FOUND IN LOCAL FILES,Owned audience / Free briefing,Offer or revenue reference found in public page copy.
public/analysis/index.html,150,No analysis matches that combination yet. Use a broader filter or request a custom memo.,Custom intelligence memo,NOT FOUND IN LOCAL FILES,Custom intelligence memo,Offer or revenue reference found in public page copy.
public/analysis/index.html,167,Media-to-revenue systems,General offer / revenue reference,NOT FOUND IN LOCAL FILES,General site action,Offer or revenue reference found in public page copy.
public/analysis/index.html,167,"How creators and institutions turn attention, research, and CTAs into qualified paid action.",General offer / revenue reference,NOT FOUND IN LOCAL FILES,Offer ladder,Offer or revenue reference found in public page copy.
public/analysis/index.html,200,"Route the next action. Decide whether the reader needs an article, dossier, briefing, memo, or audit.",Geopolitical dossier / Gumroad catalog,NOT FOUND IN LOCAL FILES,Dossier / Bundle / Gumroad catalog,Offer or revenue reference found in public page copy.
public/analysis/index.html,211,Request a qualified briefing,General offer / revenue reference,NOT FOUND IN LOCAL FILES,Rapid advisory briefing,Offer or revenue reference found in public page copy.
public/analysis/kenya-fuel-shock-worker-mobility.html,16,"When fuel prices move, the story is not only transport. It is the price of work, food, daily timing, and urban survival.",General offer / revenue reference,NOT FOUND IN LOCAL FILES,Offer ladder,Offer or revenue reference found in public page copy.
public/analysis/kenya-fuel-shock-worker-mobility.html,19,"Kenya's fuel-price pressure becomes politically important when it hits the matatu system. Matatus are not just vehicles. They are the circulatory system for workers, traders, students, market women, families, and small businesses that depend on daily movement.",General offer / revenue reference,NOT FOUND IN LOCAL FILES,Offer ladder,Offer or revenue reference found in public page copy.
public/analysis/kenya-fuel-shock-worker-mobility.html,22,The paid intelligence angle,General offer / revenue reference,NOT FOUND IN LOCAL FILES,Offer ladder,Offer or revenue reference found in public page copy.
public/analysis/kenya-fuel-shock-worker-mobility.html,22,"This is the kind of issue that can support a rapid advisory briefing: what is happening, who is exposed, what second-order risks matter, and which audience or business decision needs a clearer read.",Rapid advisory briefing,NOT FOUND IN LOCAL FILES,Rapid advisory briefing,Offer or revenue reference found in public page copy.
public/analysis/kenya-fuel-shock-worker-mobility.html,23,"Spreadsheet intake: May 15, 2026 Kenya transport and fuel-price rows.",General offer / revenue reference,NOT FOUND IN LOCAL FILES,Public analysis,Offer or revenue reference found in public page copy.
public/analysis/kenya-fuel-shock-worker-mobility.html,23,AllAfrica / Capital FM: public response to Kenya fuel-price hike,General offer / revenue reference,NOT FOUND IN LOCAL FILES,General site action,Offer or revenue reference found in public page copy.
public/analysis/kenya-fuel-shock-worker-mobility.html,24,"If this issue affects your audience, investment, reporting, or organizational planning, the likely paid path is a rapid briefing or custom memo.",Custom intelligence memo,NOT FOUND IN LOCAL FILES,Custom intelligence memo,Offer or revenue reference found in public page copy.
public/analysis/kenya-fuel-shock-worker-mobility.html,24,Briefing question: What should my audience understand this week?,General offer / revenue reference,NOT FOUND IN LOCAL FILES,Rapid advisory briefing,Offer or revenue reference found in public page copy.
public/analysis/kenya-fuel-shock-worker-mobility.html,24,"Memo question: What are the risks and opportunities for a specific country, sector, or audience?",Custom intelligence memo,NOT FOUND IN LOCAL FILES,Custom intelligence memo,Offer or revenue reference found in public page copy.
public/analysis/kenya-fuel-shock-worker-mobility.html,25,Route the issue to a paid briefing or memo when the public story needs practical interpretation.,General offer / revenue reference,NOT FOUND IN LOCAL FILES,Custom intelligence memo,Offer or revenue reference found in public page copy.
public/analysis/kenya-fuel-shock-worker-mobility.html,25,View briefing path,General offer / revenue reference,NOT FOUND IN LOCAL FILES,Rapid advisory briefing,Offer or revenue reference found in public page copy.
public/analysis/kenya-fuel-shock-worker-mobility.html,26,Request the starter brief,Black World Intelligence Starter Brief,NOT FOUND IN LOCAL FILES,Lead capture / Starter brief,Offer or revenue reference found in public page copy.
public/analysis/media-analysis-content-revenue-system.html,16,How Media Analysis Becomes a Content-to-Revenue System,General offer / revenue reference,NOT FOUND IN LOCAL FILES,Public analysis,Offer or revenue reference found in public page copy.
public/analysis/media-analysis-content-revenue-system.html,16,"A serious media operation needs more than posts. It needs offers, CTAs, follow-up, lead tracking, and a clear path from attention to revenue.",General offer / revenue reference,NOT FOUND IN LOCAL FILES,Offer ladder,Offer or revenue reference found in public page copy.
public/analysis/media-analysis-content-revenue-system.html,18,"Public media can attract attention without creating revenue. The difference is system design. A content-to-revenue system connects source material, publishing, audience behavior, offer language, inquiry capture, and delivery capacity.",General offer / revenue reference,NOT FOUND IN LOCAL FILES,Qualified inquiry,Offer or revenue reference found in public page copy.
public/analysis/media-analysis-content-revenue-system.html,19,The audit question,General offer / revenue reference,NOT FOUND IN LOCAL FILES,Media / intelligence system audit,Offer or revenue reference found in public page copy.
public/analysis/media-analysis-content-revenue-system.html,19,"A media intelligence audit asks where the system leaks. Are the strongest topics attached to offers? Are viewers told what to do next? Are inquiries logged? Are dossiers supporting trust? Are serious leads routed to briefings, memos, or audits?",Geopolitical dossier / Gumroad catalog,NOT FOUND IN LOCAL FILES,Dossier / Bundle / Gumroad catalog,Offer or revenue reference found in public page copy.
public/analysis/media-analysis-content-revenue-system.html,20,Gumroad assets and paid product fit.,Geopolitical dossier / Gumroad catalog,NOT FOUND IN LOCAL FILES,Dossier / Bundle / Gumroad catalog,Offer or revenue reference found in public page copy.
public/analysis/media-analysis-content-revenue-system.html,20,Thirty-day priorities for revenue and control.,General offer / revenue reference,NOT FOUND IN LOCAL FILES,General site action,Offer or revenue reference found in public page copy.
public/analysis/media-analysis-content-revenue-system.html,21,The website should model the same system it sells. Analysis builds trust. Work explains offers. Contact qualifies inquiries. Tracking files connect action to follow-up.,General offer / revenue reference,NOT FOUND IN LOCAL FILES,Qualified inquiry,Offer or revenue reference found in public page copy.
public/analysis/media-analysis-content-revenue-system.html,22,"Request a media intelligence audit when the problem is not one article, but the whole audience-to-revenue path.",General offer / revenue reference,NOT FOUND IN LOCAL FILES,Media / intelligence system audit,Offer or revenue reference found in public page copy.
public/analysis/media-analysis-content-revenue-system.html,22,Request an audit,General offer / revenue reference,NOT FOUND IN LOCAL FILES,Media / intelligence system audit,Offer or revenue reference found in public page copy.
public/analysis/media-analysis-content-revenue-system.html,23,Public analysis to paid intelligence,General offer / revenue reference,NOT FOUND IN LOCAL FILES,Public analysis,Offer or revenue reference found in public page copy.
public/analysis/media-analysis-content-revenue-system.html,23,Audit offer,General offer / revenue reference,NOT FOUND IN LOCAL FILES,Media / intelligence system audit,Offer or revenue reference found in public page copy.
public/analysis/nigeria-refinery-ownership-energy-security.html,20,"Diaspora audiences often discuss investment after the fact, when the deal is already shaped. The better question is earlier: what infrastructure controls the price of life, the cost of business, and the margin available for Black capital formation?",General offer / revenue reference,NOT FOUND IN LOCAL FILES,Public analysis,Offer or revenue reference found in public page copy.
public/analysis/nigeria-refinery-ownership-energy-security.html,21,Where public analysis becomes paid intelligence,General offer / revenue reference,NOT FOUND IN LOCAL FILES,Public analysis,Offer or revenue reference found in public page copy.
public/analysis/nigeria-refinery-ownership-energy-security.html,21,"A public article can identify the pattern. A paid memo can go further: map stakeholders, track policy risk, identify audience implications, and define a decision path for a creator, investor, institution, or campaign.",Custom intelligence memo,NOT FOUND IN LOCAL FILES,Custom intelligence memo,Offer or revenue reference found in public page copy.
public/analysis/nigeria-refinery-ownership-energy-security.html,23,"This is a memo-grade issue when the buyer needs stakeholder mapping, policy context, or a country-specific decision read.",Custom intelligence memo,NOT FOUND IN LOCAL FILES,Custom intelligence memo,Offer or revenue reference found in public page copy.
public/analysis/nigeria-refinery-ownership-energy-security.html,23,"Custom memo: refinery politics, import exposure, and audience implications.",Custom intelligence memo,NOT FOUND IN LOCAL FILES,Custom intelligence memo,Offer or revenue reference found in public page copy.
public/analysis/nigeria-refinery-ownership-energy-security.html,23,"Briefing: what changed this week, and why it matters to Black capital.",General offer / revenue reference,NOT FOUND IN LOCAL FILES,Rapid advisory briefing,Offer or revenue reference found in public page copy.
public/analysis/nigeria-refinery-ownership-energy-security.html,24,Need an energy-security memo?,Custom intelligence memo,NOT FOUND IN LOCAL FILES,Custom intelligence memo,Offer or revenue reference found in public page copy.
public/analysis/nigeria-refinery-ownership-energy-security.html,24,"Turn the public issue into a structured paid memo for your market, audience, or project.",Custom intelligence memo,NOT FOUND IN LOCAL FILES,Custom intelligence memo,Offer or revenue reference found in public page copy.
public/analysis/nigeria-refinery-ownership-energy-security.html,24,View memo path,Custom intelligence memo,NOT FOUND IN LOCAL FILES,Custom intelligence memo,Offer or revenue reference found in public page copy.
public/analysis/strategic-clarity-changing-pan-african-world.html,20,"Public analysis matters most when it helps serious readers understand what is changing, why it matters, and what kind of paid intelligence they may need next.",General offer / revenue reference,NOT FOUND IN LOCAL FILES,Public analysis,Offer or revenue reference found in public page copy.
public/analysis/strategic-clarity-changing-pan-african-world.html,24,"The public audience first meets the work through videos, posts, essays, and dossiers. Those surfaces build trust. The paid work begins when a reader needs the analysis applied to a real decision: a campaign, media project, organizational question, research direction, or briefing need.",Geopolitical dossier / Gumroad catalog,NOT FOUND IN LOCAL FILES,Dossier / Bundle / Gumroad catalog,Offer or revenue reference found in public page copy.
public/analysis/strategic-clarity-changing-pan-african-world.html,29,"A public article can explain the terrain. A paid briefing or memo can interpret the terrain for a specific decision. That distinction is central to the business model: public trust leads to dossiers, briefings, custom memos, and system audits.",Media / intelligence system audit,NOT FOUND IN LOCAL FILES,Dossier / Bundle / Gumroad catalog,Offer or revenue reference found in public page copy.
public/analysis/strategic-clarity-changing-pan-african-world.html,30,"Email with the decision, deadline, and context so the inquiry can be routed to a briefing, memo, or audit.",General offer / revenue reference,NOT FOUND IN LOCAL FILES,Media / intelligence system audit,Offer or revenue reference found in public page copy.
public/analysis/strategic-clarity-changing-pan-african-world.html,30,Start a qualified inquiry,General offer / revenue reference,NOT FOUND IN LOCAL FILES,Qualified inquiry,Offer or revenue reference found in public page copy.
public/analysis/strategic-clarity-changing-pan-african-world.html,31,From public analysis to paid intelligence,General offer / revenue reference,NOT FOUND IN LOCAL FILES,Public analysis,Offer or revenue reference found in public page copy.
public/analysis/strategic-clarity-changing-pan-african-world.html,31,View paid work,General offer / revenue reference,NOT FOUND IN LOCAL FILES,Offer ladder,Offer or revenue reference found in public page copy.
public/analysis/strategic-clarity-changing-pan-african-world.html,31,Contact for inquiry,General offer / revenue reference,NOT FOUND IN LOCAL FILES,Qualified inquiry,Offer or revenue reference found in public page copy.
public/analysis/why-east-africa-matters-diaspora-intelligence.html,22,"Readers, organizations, and media operators often need help turning a broad regional story into a decision-ready memo or briefing. East Africa offers a strong base for that work because the region makes the link between geography, trade, and power visible.",General offer / revenue reference,NOT FOUND IN LOCAL FILES,Custom intelligence memo,Offer or revenue reference found in public page copy.
public/analysis/why-east-africa-matters-diaspora-intelligence.html,23,Request a paid Pan-African briefing or custom memo when a regional question needs structured interpretation.,Custom intelligence memo,NOT FOUND IN LOCAL FILES,Custom intelligence memo,Offer or revenue reference found in public page copy.
public/analysis/why-east-africa-matters-diaspora-intelligence.html,23,Request a briefing,General offer / revenue reference,NOT FOUND IN LOCAL FILES,Rapid advisory briefing,Offer or revenue reference found in public page copy.
public/analysis/why-east-africa-matters-diaspora-intelligence.html,24,View paid work,General offer / revenue reference,NOT FOUND IN LOCAL FILES,Offer ladder,Offer or revenue reference found in public page copy.
public/contact.html,82,Start a qualified inquiry,General offer / revenue reference,NOT FOUND IN LOCAL FILES,Qualified inquiry,Offer or revenue reference found in public page copy.
public/contact.html,85,"For paid briefings, custom intelligence memos, media questions, or serious collaboration inquiries, include the objective, deadline, and decision you need support with.",Custom intelligence memo,NOT FOUND IN LOCAL FILES,Custom intelligence memo,Offer or revenue reference found in public page copy.
public/contact.html,101,Inquiry helper,General offer / revenue reference,NOT FOUND IN LOCAL FILES,Qualified inquiry,Offer or revenue reference found in public page copy.
public/contact.html,107,"Fastest routing: choose briefing for urgent interpretation, memo for written synthesis, and audit for content-to-revenue systems.",General offer / revenue reference,NOT FOUND IN LOCAL FILES,Media / intelligence system audit,Offer or revenue reference found in public page copy.
public/contact.html,112,Inquiry type,General offer / revenue reference,NOT FOUND IN LOCAL FILES,Qualified inquiry,Offer or revenue reference found in public page copy.
public/coverage/afro-europe.html,8,Dossier or media audit.,Geopolitical dossier / Gumroad catalog,NOT FOUND IN LOCAL FILES,Dossier / Bundle / Gumroad catalog,Offer or revenue reference found in public page copy.
public/coverage/afro-europe.html,8,"Best paid next step: a regional dossier for readers, or a media/intelligence audit for organizations working across Europe, Africa, and diaspora publics.",Geopolitical dossier / Gumroad catalog,NOT FOUND IN LOCAL FILES,Dossier / Bundle / Gumroad catalog,Offer or revenue reference found in public page copy.
public/coverage/afro-europe.html,10,Request an Afro-Europe briefing,General offer / revenue reference,NOT FOUND IN LOCAL FILES,Rapid advisory briefing,Offer or revenue reference found in public page copy.
public/coverage/afro-latino.html,8,Memo or regional dossier.,Custom intelligence memo,NOT FOUND IN LOCAL FILES,Dossier / Bundle / Gumroad catalog,Offer or revenue reference found in public page copy.
public/coverage/afro-latino.html,8,"Best paid next step: a memo on a specific country or issue, then a regional dossier that introduces Afro-Latino power to the wider audience.",Custom intelligence memo,NOT FOUND IN LOCAL FILES,Dossier / Bundle / Gumroad catalog,Offer or revenue reference found in public page copy.
public/coverage/afro-latino.html,10,Request an Afro-Latino memo,Custom intelligence memo,NOT FOUND IN LOCAL FILES,Custom intelligence memo,Offer or revenue reference found in public page copy.
public/coverage/black-america.html,8,Briefing or media audit.,General offer / revenue reference,NOT FOUND IN LOCAL FILES,Media / intelligence system audit,Offer or revenue reference found in public page copy.
public/coverage/black-america.html,8,Best paid next step: a briefing for a specific decision or a media/intelligence audit for creators and organizations trying to convert audience attention into durable leverage.,General offer / revenue reference,NOT FOUND IN LOCAL FILES,Media / intelligence system audit,Offer or revenue reference found in public page copy.
public/coverage/black-america.html,10,"Starting sources include Pew's Black immigrant research and CFR Americas-style regional/topic organization. The paid analysis layer translates demographic and policy signals into strategy for readers, creators, and institutions.",General offer / revenue reference,NOT FOUND IN LOCAL FILES,Public analysis,Offer or revenue reference found in public page copy.
public/coverage/black-america.html,10,Request a Black America briefing,General offer / revenue reference,NOT FOUND IN LOCAL FILES,Rapid advisory briefing,Offer or revenue reference found in public page copy.
public/coverage/black-caribbean.html,8,Dossier or briefing.,Geopolitical dossier / Gumroad catalog,NOT FOUND IN LOCAL FILES,Dossier / Bundle / Gumroad catalog,Offer or revenue reference found in public page copy.
public/coverage/black-caribbean.html,8,"Best paid next step: a Black Caribbean dossier for strategic overview, or a briefing when the reader needs Haiti, climate, security, migration, or external-relations interpretation.",Geopolitical dossier / Gumroad catalog,NOT FOUND IN LOCAL FILES,Dossier / Bundle / Gumroad catalog,Offer or revenue reference found in public page copy.
public/coverage/black-caribbean.html,10,Starting sources include CARICOM public priorities and regional climate/displacement coordination. Ali's paid layer turns those public signals into strategic interpretation for diaspora readers and organizations.,General offer / revenue reference,NOT FOUND IN LOCAL FILES,Public analysis,Offer or revenue reference found in public page copy.
public/coverage/black-caribbean.html,10,Request a Black Caribbean briefing,General offer / revenue reference,NOT FOUND IN LOCAL FILES,Rapid advisory briefing,Offer or revenue reference found in public page copy.
public/coverage/index.html,79,Revenue path,General offer / revenue reference,NOT FOUND IN LOCAL FILES,General site action,Offer or revenue reference found in public page copy.
public/coverage/index.html,84,Low-ticket: regional dossiers and focused briefing packs.,Briefing Pack,NOT FOUND IN LOCAL FILES,Dossier / Bundle / Gumroad catalog,Offer or revenue reference found in public page copy.
public/coverage/index.html,85,Mid-ticket: recurring Black World Briefing membership.,Membership,NOT FOUND IN LOCAL FILES,Rapid advisory briefing,Offer or revenue reference found in public page copy.
public/coverage/index.html,87,Request a briefing,General offer / revenue reference,NOT FOUND IN LOCAL FILES,Rapid advisory briefing,Offer or revenue reference found in public page copy.
public/coverage/sub-saharan-africa.html,8,Dossier or custom memo.,Custom intelligence memo,NOT FOUND IN LOCAL FILES,Dossier / Bundle / Gumroad catalog,Offer or revenue reference found in public page copy.
public/coverage/sub-saharan-africa.html,8,"Best paid next step: a Sub-Saharan Africa dossier for general readers, or a custom memo when a reader has a specific country, corridor, institution, or decision question.",Custom intelligence memo,NOT FOUND IN LOCAL FILES,Dossier / Bundle / Gumroad catalog,Offer or revenue reference found in public page copy.
public/coverage/sub-saharan-africa.html,10,Request a Sub-Saharan Africa briefing,General offer / revenue reference,NOT FOUND IN LOCAL FILES,Rapid advisory briefing,Offer or revenue reference found in public page copy.
public/index.html,78,Pan-African intelligence for people turning public analysis into paid action.,General offer / revenue reference,NOT FOUND IN LOCAL FILES,Public analysis,Offer or revenue reference found in public page copy.
public/index.html,85,Request a briefing,General offer / revenue reference,NOT FOUND IN LOCAL FILES,Rapid advisory briefing,Offer or revenue reference found in public page copy.
public/index.html,99,Starter brief,Black World Intelligence Starter Brief,NOT FOUND IN LOCAL FILES,Lead capture / Starter brief,Offer or revenue reference found in public page copy.
public/index.html,101,Paid memo lane,Custom intelligence memo,NOT FOUND IN LOCAL FILES,Custom intelligence memo,Offer or revenue reference found in public page copy.
public/index.html,102,Gumroad dossier path,Geopolitical dossier / Gumroad catalog,NOT FOUND IN LOCAL FILES,Dossier / Bundle / Gumroad catalog,Offer or revenue reference found in public page copy.
public/index.html,103,Qualified inquiry,General offer / revenue reference,NOT FOUND IN LOCAL FILES,Qualified inquiry,Offer or revenue reference found in public page copy.
public/index.html,113,Public reading paths that lead to paid depth,General offer / revenue reference,NOT FOUND IN LOCAL FILES,Public analysis,Offer or revenue reference found in public page copy.
public/index.html,141,"The coverage model follows foreign-affairs discipline: regions, topics, watchlists, evidence, and paid next steps. The aim is not simply commentary; it is qualified action.",General offer / revenue reference,NOT FOUND IN LOCAL FILES,Coverage discovery,Offer or revenue reference found in public page copy.
public/index.html,157,The business model centers on a ladder that moves from signal into deeper paid intelligence products and memberships.,Membership,NOT FOUND IN LOCAL FILES,Offer ladder,Offer or revenue reference found in public page copy.
public/index.html,172,Structured paid analysis for readers seeking deeper context and specific regional insight.,General offer / revenue reference,NOT FOUND IN LOCAL FILES,Public analysis,Offer or revenue reference found in public page copy.
public/index.html,185,Membership,Membership,NOT FOUND IN LOCAL FILES,General site action,Offer or revenue reference found in public page copy.
public/index.html,204,"The work is strongest when public events need historical memory, geopolitical context, and a clear reading of what matters next. These lanes help a visitor understand whether they need a public video, a paid dossier, or a custom briefing.",Geopolitical dossier / Gumroad catalog,NOT FOUND IN LOCAL FILES,Dossier / Bundle / Gumroad catalog,Offer or revenue reference found in public page copy.
public/index.html,233,Choose paid depth,General offer / revenue reference,NOT FOUND IN LOCAL FILES,Offer ladder,Offer or revenue reference found in public page copy.
public/index.html,243,Searchable public intelligence with a paid action path,General offer / revenue reference,NOT FOUND IN LOCAL FILES,Offer ladder,Offer or revenue reference found in public page copy.
public/index.html,246,"The Analysis section turns the strongest public themes into crawlable essays, internal links, and qualified CTAs for readers who need a dossier, briefing, memo, or audit.",Geopolitical dossier / Gumroad catalog,NOT FOUND IN LOCAL FILES,Dossier / Bundle / Gumroad catalog,Offer or revenue reference found in public page copy.
public/index.html,252,"Source-fed / East Africa Kenya Fuel Shock and Worker Mobility How a current fuel-price story becomes an analysis, lead qualification, and briefing path.",General offer / revenue reference,NOT FOUND IN LOCAL FILES,Rapid advisory briefing,Offer or revenue reference found in public page copy.
public/index.html,255,"How a current fuel-price story becomes an analysis, lead qualification, and briefing path.",General offer / revenue reference,NOT FOUND IN LOCAL FILES,Rapid advisory briefing,Offer or revenue reference found in public page copy.
public/index.html,267,Archive Read the Analysis index Browse the first public essays and move from general context into the right paid action path.,General offer / revenue reference,NOT FOUND IN LOCAL FILES,Public analysis,Offer or revenue reference found in public page copy.
public/index.html,270,Browse the first public essays and move from general context into the right paid action path.,General offer / revenue reference,NOT FOUND IN LOCAL FILES,Offer ladder,Offer or revenue reference found in public page copy.
public/index.html,279,Free weekly briefing,Free weekly Afrodescendant Ali Briefings,NOT FOUND IN LOCAL FILES,Owned audience / Free briefing,Offer or revenue reference found in public page copy.
public/index.html,280,Get the weekly briefing.,Free weekly Afrodescendant Ali Briefings,NOT FOUND IN LOCAL FILES,Owned audience / Free briefing,Offer or revenue reference found in public page copy.
public/index.html,288,Subscribe free to Afrodescendant Ali Briefings,Free weekly Afrodescendant Ali Briefings,NOT FOUND IN LOCAL FILES,Owned audience / Free briefing,Offer or revenue reference found in public page copy.
public/index.html,301,"Start with public analysis, buy a focused dossier, or contact Ali when the question requires a paid briefing, custom memo, or media intelligence audit.",Custom intelligence memo,NOT FOUND IN LOCAL FILES,Dossier / Bundle / Gumroad catalog,Offer or revenue reference found in public page copy.
public/index.html,307,Send an inquiry,General offer / revenue reference,NOT FOUND IN LOCAL FILES,Qualified inquiry,Offer or revenue reference found in public page copy.
public/media.html,140,"When a public topic becomes a serious decision, move to paid intelligence.",General offer / revenue reference,NOT FOUND IN LOCAL FILES,Offer ladder,Offer or revenue reference found in public page copy.
public/media.html,141,"Public channels are built for discovery and trust. Paid work is for the moment a reader needs a focused dossier, briefing, custom memo, or system audit tied to a real objective.",Media / intelligence system audit,NOT FOUND IN LOCAL FILES,Dossier / Bundle / Gumroad catalog,Offer or revenue reference found in public page copy.
public/media.html,146,View paid paths,General offer / revenue reference,NOT FOUND IN LOCAL FILES,Offer ladder,Offer or revenue reference found in public page copy.
public/media.html,147,Send a qualified inquiry,General offer / revenue reference,NOT FOUND IN LOCAL FILES,Qualified inquiry,Offer or revenue reference found in public page copy.
public/method.html,37,From public signal to paid intelligence,General offer / revenue reference,NOT FOUND IN LOCAL FILES,Offer ladder,Offer or revenue reference found in public page copy.
public/method.html,38,"The site reads public headlines through power, capital, routes, media, and historical memory, then routes each issue toward public analysis, a dossier, a briefing, a memo, or a system audit.",Media / intelligence system audit,NOT FOUND IN LOCAL FILES,Dossier / Bundle / Gumroad catalog,Offer or revenue reference found in public page copy.
public/method.html,51,"Route. Decide whether the issue belongs as a public article, Gumroad dossier, rapid briefing, custom memo, or media/intelligence audit.",Custom intelligence memo,NOT FOUND IN LOCAL FILES,Dossier / Bundle / Gumroad catalog,Offer or revenue reference found in public page copy.
public/proof.html,37,What a paid intelligence path produces,General offer / revenue reference,NOT FOUND IN LOCAL FILES,Offer ladder,Offer or revenue reference found in public page copy.
public/proof.html,38,"A serious buyer needs to see the shape of the work before paying. These samples show the kind of structure a briefing, memo, or audit produces.",General offer / revenue reference,NOT FOUND IN LOCAL FILES,Media / intelligence system audit,Offer or revenue reference found in public page copy.
public/proof.html,44,Briefing sample,General offer / revenue reference,NOT FOUND IN LOCAL FILES,Rapid advisory briefing,Offer or revenue reference found in public page copy.
public/proof.html,45,45-minute advisory briefing,Rapid advisory briefing,NOT FOUND IN LOCAL FILES,Rapid advisory briefing,Offer or revenue reference found in public page copy.
public/proof.html,48,View briefing offer,General offer / revenue reference,NOT FOUND IN LOCAL FILES,Rapid advisory briefing,Offer or revenue reference found in public page copy.
public/proof.html,51,Memo sample,Custom intelligence memo,NOT FOUND IN LOCAL FILES,Custom intelligence memo,Offer or revenue reference found in public page copy.
public/proof.html,52,Custom intelligence memo,Custom intelligence memo,NOT FOUND IN LOCAL FILES,Custom intelligence memo,Offer or revenue reference found in public page copy.
public/proof.html,55,View memo offer,Custom intelligence memo,NOT FOUND IN LOCAL FILES,Custom intelligence memo,Offer or revenue reference found in public page copy.
public/proof.html,58,Audit sample,General offer / revenue reference,NOT FOUND IN LOCAL FILES,Media / intelligence system audit,Offer or revenue reference found in public page copy.
public/proof.html,59,Media / intelligence system audit,Media / intelligence system audit,NOT FOUND IN LOCAL FILES,Media / intelligence system audit,Offer or revenue reference found in public page copy.
public/proof.html,60,"Review: content, audience, offers, CTAs, attribution, follow-up, and revenue path.",General offer / revenue reference,NOT FOUND IN LOCAL FILES,Offer ladder,Offer or revenue reference found in public page copy.
public/proof.html,61,"Output: content-to-cash map, gaps, offer recommendations, and 30-day execution priorities.",General offer / revenue reference,NOT FOUND IN LOCAL FILES,Offer ladder,Offer or revenue reference found in public page copy.
public/proof.html,62,View audit offer,General offer / revenue reference,NOT FOUND IN LOCAL FILES,Media / intelligence system audit,Offer or revenue reference found in public page copy.
public/proof.html,69,A public article is the proof layer. Paid work is the application layer.,General offer / revenue reference,NOT FOUND IN LOCAL FILES,Proof / trust,Offer or revenue reference found in public page copy.
public/proof.html,70,"The public site shows judgment. Paid work applies that judgment to a real question, deadline, organization, channel, audience, or decision.",General offer / revenue reference,NOT FOUND IN LOCAL FILES,Offer ladder,Offer or revenue reference found in public page copy.
public/proof.html,71,Get the starter brief,Black World Intelligence Starter Brief,NOT FOUND IN LOCAL FILES,Lead capture / Starter brief,Offer or revenue reference found in public page copy.
public/starter-brief.html,37,Black World Intelligence Starter Brief,Black World Intelligence Starter Brief,NOT FOUND IN LOCAL FILES,Lead capture / Starter brief,Offer or revenue reference found in public page copy.
public/starter-brief.html,38,"A free entry point for readers who want the watchlist, the coverage map, and the paid paths before requesting custom work.",General offer / revenue reference,NOT FOUND IN LOCAL FILES,Coverage discovery,Offer or revenue reference found in public page copy.
public/starter-brief.html,39,Request the starter brief,Black World Intelligence Starter Brief,NOT FOUND IN LOCAL FILES,Lead capture / Starter brief,Offer or revenue reference found in public page copy.
public/starter-brief.html,46,Paid paths,General offer / revenue reference,NOT FOUND IN LOCAL FILES,Offer ladder,Offer or revenue reference found in public page copy.
public/starter-brief.html,46,"When to use a dossier, briefing, memo, or media/intelligence system audit.",Media / intelligence system audit,NOT FOUND IN LOCAL FILES,Dossier / Bundle / Gumroad catalog,Offer or revenue reference found in public page copy.
public/work/audit.html,21,Media / intelligence system audit,Media / intelligence system audit,NOT FOUND IN LOCAL FILES,Media / intelligence system audit,Offer or revenue reference found in public page copy.
public/work/audit.html,22,"For creators, educators, organizations, and media operators who need to turn scattered attention into qualified paid action.",General offer / revenue reference,NOT FOUND IN LOCAL FILES,Offer ladder,Offer or revenue reference found in public page copy.
public/work/audit.html,23,Request an audit,General offer / revenue reference,NOT FOUND IN LOCAL FILES,Media / intelligence system audit,Offer or revenue reference found in public page copy.
public/work/audit.html,28,"You publish analysis, video, or research, but the audience path to leads and revenue is unclear.",General offer / revenue reference,NOT FOUND IN LOCAL FILES,Public analysis,Offer or revenue reference found in public page copy.
public/work/audit.html,29,"Public content, channel surfaces, offers, CTAs, inquiry flow, Gumroad paths, and attribution discipline.",Geopolitical dossier / Gumroad catalog,NOT FOUND IN LOCAL FILES,Dossier / Bundle / Gumroad catalog,Offer or revenue reference found in public page copy.
public/work/audit.html,30,"Revenue/audience/delivery/control gaps, recommendations, and a practical 30-day execution path.",General offer / revenue reference,NOT FOUND IN LOCAL FILES,General site action,Offer or revenue reference found in public page copy.
public/work/briefing.html,21,Rapid advisory briefing,Rapid advisory briefing,NOT FOUND IN LOCAL FILES,Rapid advisory briefing,Offer or revenue reference found in public page copy.
public/work/briefing.html,23,Request a briefing,General offer / revenue reference,NOT FOUND IN LOCAL FILES,Rapid advisory briefing,Offer or revenue reference found in public page copy.
public/work/briefing.html,30,Briefing and action summary,General offer / revenue reference,NOT FOUND IN LOCAL FILES,Rapid advisory briefing,Offer or revenue reference found in public page copy.
public/work/memo.html,21,Custom intelligence memo,Custom intelligence memo,NOT FOUND IN LOCAL FILES,Custom intelligence memo,Offer or revenue reference found in public page copy.
public/work/memo.html,23,Request a memo,Custom intelligence memo,NOT FOUND IN LOCAL FILES,Custom intelligence memo,Offer or revenue reference found in public page copy.
public/work/memo.html,28,"You need more than a call: a structured memo that can be read, shared, briefed, or used as planning material.",Custom intelligence memo,NOT FOUND IN LOCAL FILES,Custom intelligence memo,Offer or revenue reference found in public page copy.
public/work/memo.html,30,Decision-ready memo,Custom intelligence memo,NOT FOUND IN LOCAL FILES,Custom intelligence memo,Offer or revenue reference found in public page copy.
public/work.html,82,A structured intelligence offer ladder,General offer / revenue reference,NOT FOUND IN LOCAL FILES,Offer ladder,Offer or revenue reference found in public page copy.
public/work.html,85,"Verified offers include geopolitical dossiers, a Briefing Pack, a Bundle, monthly membership, and annual membership.",Annual membership,NOT FOUND IN LOCAL FILES,Dossier / Bundle / Gumroad catalog,Offer or revenue reference found in public page copy.
public/work.html,94,Offer architecture,General offer / revenue reference,NOT FOUND IN LOCAL FILES,Offer ladder,Offer or revenue reference found in public page copy.
public/work.html,95,Verified pricing: dossiers about $11.99 / $12; Briefing Pack $29; Bundle about $49 / $49.97; Membership $19/month; Annual membership $199/year.,Annual membership,$11.99 / $12; $29; $49 / $49.97; $19/month; $199/year,Dossier / Bundle / Gumroad catalog,"Copy labels this pricing as verified, but the extraction did not live-check the destination."
public/work.html,112,Start with focused paid research products when you want more depth than public commentary but do not need a custom advisory engagement.,General offer / revenue reference,NOT FOUND IN LOCAL FILES,Offer ladder,Offer or revenue reference found in public page copy.
public/work.html,122,A structured paid analysis product or bundle that goes deeper than the public feed.,Intelligence bundle,NOT FOUND IN LOCAL FILES,Dossier / Bundle / Gumroad catalog,Offer or revenue reference found in public page copy.
public/work.html,131,Dossiers about $11.99 / $12. Browse the current intelligence catalog on Gumroad.,Geopolitical dossier / Gumroad catalog,$11.99 / $12,Dossier / Bundle / Gumroad catalog,Offer or revenue reference found in public page copy.
public/work.html,132,Get the dossier,Geopolitical dossier / Gumroad catalog,NOT FOUND IN LOCAL FILES,Dossier / Bundle / Gumroad catalog,Offer or revenue reference found in public page copy.
public/work.html,134,Not ready for a dossier yet? Use the free weekly briefing to track recurring signals first. Gumroad remains the paid catalog path.,Free weekly Afrodescendant Ali Briefings,NOT FOUND IN LOCAL FILES,Owned audience / Free briefing,Offer or revenue reference found in public page copy.
public/work.html,135,Subscribe free to Afrodescendant Ali Briefings,Free weekly Afrodescendant Ali Briefings,NOT FOUND IN LOCAL FILES,Owned audience / Free briefing,Offer or revenue reference found in public page copy.
public/work.html,141,Paid advisory,General offer / revenue reference,NOT FOUND IN LOCAL FILES,Offer ladder,Offer or revenue reference found in public page copy.
public/work.html,142,Rapid advisory briefing,Rapid advisory briefing,NOT FOUND IN LOCAL FILES,Rapid advisory briefing,Offer or revenue reference found in public page copy.
public/work.html,153,"A focused briefing, pre-brief review, and concise written action summary.",General offer / revenue reference,NOT FOUND IN LOCAL FILES,Rapid advisory briefing,Offer or revenue reference found in public page copy.
public/work.html,162,"Planned paid briefing lane: 45-minute briefing, pre-brief review, concise written action summary.",Rapid advisory briefing,NOT FOUND IN LOCAL FILES,Rapid advisory briefing,Copy explicitly marks this reference as planned.
public/work.html,163,View briefing offer,General offer / revenue reference,NOT FOUND IN LOCAL FILES,Rapid advisory briefing,Offer or revenue reference found in public page copy.
public/work.html,170,Custom intelligence memo,Custom intelligence memo,NOT FOUND IN LOCAL FILES,Custom intelligence memo,Offer or revenue reference found in public page copy.
public/work.html,190,Custom memo lane: deeper written synthesis for questions where public content is not specific enough.,Custom intelligence memo,NOT FOUND IN LOCAL FILES,Custom intelligence memo,Offer or revenue reference found in public page copy.
public/work.html,191,View memo offer,Custom intelligence memo,NOT FOUND IN LOCAL FILES,Custom intelligence memo,Offer or revenue reference found in public page copy.
public/work.html,198,Media / intelligence system audit,Media / intelligence system audit,NOT FOUND IN LOCAL FILES,Media / intelligence system audit,Offer or revenue reference found in public page copy.
public/work.html,213,"""How do we turn attention, research, and publishing into qualified leads and revenue?""",General offer / revenue reference,NOT FOUND IN LOCAL FILES,General site action,Offer or revenue reference found in public page copy.
public/work.html,218,"Use this lane when the question is not one report, but the whole audience-to-revenue system.",General offer / revenue reference,NOT FOUND IN LOCAL FILES,General site action,Offer or revenue reference found in public page copy.
public/work.html,219,View audit offer,General offer / revenue reference,NOT FOUND IN LOCAL FILES,Media / intelligence system audit,Offer or revenue reference found in public page copy.
public/work.html,230,The offer ladder now connects to source-fed public analysis.,General offer / revenue reference,NOT FOUND IN LOCAL FILES,Public analysis,Offer or revenue reference found in public page copy.
public/work.html,233,"Current public stories become evidence-backed analysis pages, each tagged by region, issue lever, and likely paid route. This creates repetition: read an issue, see the source trail, choose the paid depth.",General offer / revenue reference,NOT FOUND IN LOCAL FILES,Public analysis,Offer or revenue reference found in public page copy.
public/work.html,236,Request starter brief,Black World Intelligence Starter Brief,NOT FOUND IN LOCAL FILES,Lead capture / Starter brief,Offer or revenue reference found in public page copy.
public/work.html,242,signal → dossier → bundle → membership,Intelligence bundle,NOT FOUND IN LOCAL FILES,Dossier / Bundle / Gumroad catalog,Offer or revenue reference found in public page copy.
public/work.html,245,The offer system is explicitly structured to move audiences from lighter signal into deeper paid intelligence layers.,General offer / revenue reference,NOT FOUND IN LOCAL FILES,Offer ladder,Offer or revenue reference found in public page copy.
public/work.html,254,Built around enduring buyer needs,General offer / revenue reference,NOT FOUND IN LOCAL FILES,General site action,Offer or revenue reference found in public page copy.
